Program_ID,Gene_set,Term,Overlap,P-value,Adjusted P-value,Odds Ratio,Combined Score,Genes
1,gs_ind_0,downregulated_genes,268/2741,1.2413709498969382e-91,3.724112849690815e-91,69.75858647113954,14601.79945123,NDUFA11;IDH2;SUMO2;DBI;PCBD1;HSBP1;NDUFB11;ALKBH7;TIMM17B;B2M;SNRPD2;ACTC1;TMEM223;LAMTOR2;COX6B1;TMEM147;MRPS15;RPL18;TCAP;UFC1;NDUFS3;VDAC3;DDT;UQCRFS1;APOE;NDUFA1;RPS9;PFN1;SLC25A6;ZNHIT1;COX7A2;NDUFA8;FH;RPL41;COX7A2L;COX5B;SF3B5;MRPL12;NDUFV1;PSMB6;RPL5;VDAC2;MRPS7;ESD;WDR83OS;RPL12;PSMB5;MRPL21;HMGN3;PSME1;SUCLG1;PARK7;NKX2-5;SLC25A11;NDUFS2;SNU13;SLIRP;PGAM1;LDHB;GABARAPL2;GTF3C6;TGM2;COX7C;PRDX3;LAMTOR5;RPS13;MRPL28;GAPDH;RPL11;MRPL57;FAU;NDUFS8;MRFAP1;MYL3;RPL6;HSPE1;RPS16;CKM;NDUFB7;NEDD8;NDUFAB1;MRPS18B;MRPS21;UQCR11;NDUFS5;KRT8;GYG1;PSMB3;RPS28;TUFM;APOBEC2;UQCRH;EEF2;RPL36AL;RPL4;SMDT1;SPCS1;PRDX5;CFL1;RPL29;COX14;RPS21;SPAG7;BANF1;NDUFB3;ACOT13;PHB2;HINT1;PGAM2;TIMM13;MRPL20;BTF3;RPL27;FTH1;GHITM;ATRAID;RPL7A;JTB;LAMTOR4;MRPS12;NDUFA12;CKMT2;ARF5;TMEM141;GADD45GIP1;COX5A;MYL6;CRYAB;RPS26;NDUFS7;MDH2;TIMM8B;UBL5;NDUFA4;PRDX6;MRPL34;TMEM14C;RPS8;NDUFB6;NDUFA13;RPL21;RPS6;BEX4;CYC1;MDH1;POLE4;FITM1;VDAC1;SRP14;DYNLL1;POLR2L;SERF2;EMP3;RPL26;BCAM;NDUFB10;OAZ1;ACOT2;EEF1A2;MRPL41;MRPS36;PLN;IMMT;BRK1;CSRP3;NDUFS6;OXA1L;NDUFB9;PKM;EIF1;NDUFB2;FIS1;UQCR10;RPS14;RPL8;RPL10A;TMEM258;TPI1;CRIP2;RNASEK;CNBP;ATOX1;NDUFA3;RPL10;LDHA;MPC2;COA3;DRAP1;NOP10;MB;CISD1;YBX1;CUTA;SSBP1;TMEM126A;APRT;RPS4X;HSP90AB1;SLC25A5;ALDOA;UQCRB;PPIA;CHCHD1;SOD1;NDUFA6;DYNLT1;RPLP0;LBH;ISCA2;AK1;PGK1;RPL30;NDUFV2;LAGE3;MTCH1;PFDN6;PTRHD1;TMSB10;COX6C;ANAPC11;DCXR;PEBP1;EDF1;PNKD;SSR4;RPS27;BSG;ARL6IP5;RPS27A;EIF1B;COX7B;UQCC2;CSNK2B;C1QBP;PCBP1;COX4I1;GSTK1;CYCS;UBB;AURKAIP1;COMMD6;CD63;HSPB7;FAM162A;CUEDC2;RPL18A;HSF1;RPS5;TRAPPC1;RPS25;SLC25A4;SLC25A3;RPL22;RPSA;REEP5;COX6A1;NDUFB8;CHCHD10;RPLP1;NDUFB5;MRPL36;UQCRC1;HSPD1;EEF1B2;PPP1R1A;RPL3;DCTN3;NDUFC2
2,gs_ind_0,upregulated_genes,176/3539,5.315103122972501e-28,1.5945309368917503e-27,8.667932483749341,544.3620239425944,ARHGAP24;BTRC;DENND5B;ERBB4;MAGI2;RANBP17;MLLT10;CAMK2D;TENM4;EFNA5;PRICKLE1;FAM120B;EXOC2;ZNF827;EIF4G3;KLF12;GLCCI1;FREM1;MED13L;RBMS1;DLEU2;WDPCP;TTN;TTC17;FCHSD2;UBR5;SORBS2;AKAP13;ARID1B;NSMCE2;NF1;VPS8;TTLL5;RAPGEF2;JMJD1C;MCC;ANK2;ADAMTS6;NFIA;REV3L;RAD51B;TSC22D2;NAV2;LAMA2;BTBD9;TNIK;SIPA1L2;CLASP2;AKAP6;PRKCA;CRADD;TCF7L2;KCNQ5;HDAC9;ZNF780B;RBMS3;NFAT5;MAGI1;PBX3;SGMS1;MACF1;BAZ2B;KIF13A;ERC2;EPB41L3;NCOA1;EXT1;EDNRA;FBXL7;NBEA;PHF21A;CHSY3;CADM1;SLC16A1-AS1;GPR39;LPP;ADGRL3;MYRFL;NEBL;ZDHHC14;KCNH7;TNNI3K;HDAC8;RABGAP1L;KMT2C;LMBR1;UBR3;ROBO1;DLC1;CHKA;ANTXR2;FNDC3B;SAMD12;RBPMS;CPEB3;SOBP;SCMH1;DGKH;LGR4;SOX6;SPIDR;ASAP1;CACNA2D1;CDK14;GUCY1A2;SIPA1L1;SSH2;CDK6;ARL15;CLASP1;RFX7;MAP4K3;DCLK2;PTPRM;ANK3;FTX;ABHD18;ZFAND3;PPP1R9A;WDFY3;SHROOM3;DANT2;NAV1;ADAMTS9-AS2;JAZF1;TNRC6A;INPP4B;COG5;TBCK;CCDC144NL-AS1;TANC2;MIR99AHG;MBD5;FTO;SH3GL3;PAN3;SH3D19;RGL1;ZC3H12B;PTPRD;RICTOR;TTC28;MLLT3;FRY;NRP1;ARFGEF1;LDLRAD4;USP34;NCOA2;DLG2;BCAS3;NAALADL2;IGSF1;ZCCHC7;HERC4;STK33;CDC42BPA;LTBP1;ATXN1;ZNF704;ARHGAP6;IGF2BP2;ATP9B;TBC1D22A;DST;GAB1;GPHN;VPS54;RERE;ERC1;NCKAP5;PCDH7;EXOC6B;MBTD1;RASAL2;TSPAN5
3,gs_ind_0,upregulated_genes,72/3539,0.0005241027348076626,0.0015723082044229878,2.063852657796421,15.589977332612465,PHLPP1;GPR137C;CCDC150;TTF2;SMCHD1;RAD51B;LYPD6;CHEK1;HELLS;SMC4;RANBP17;XRCC2;BRIP1;SHCBP1;CIT;PLK4;CENPU;PRKDC;CDKN2A;FANCD2;KIF24;DTL;NRG3;UHRF1;TIAM1;FANCA;GINS1;DMC1;SPIDR;BRCA2;C5;ZNF730;LIG1;CASP8AP2;EZH2;ARHGAP11B;INAFM1;DLEU2;IL12RB1;COL9A1;DIAPH3;RAD54L;POLQ;DNAJC9;MTFR2;CAMK4;RECQL4;RBL1;CHAF1A;LSM11;CLSPN;RNASEH2B;TIMELESS;E2F1;TIPIN;MYO3A;C1QTNF2;HMGB1;MND1;ORC1;MYBL1;POLE2;POLE;BRI3BP;TONSL;NETO2;RIMS2;KIF15;GINS2;RTTN;PBX4;KNTC1
4,gs_ind_0,downregulated_genes,79/2741,4.481820824164046e-16,1.344546247249214e-15,6.789586551567469,239.95303307331793,CITED2;DUSP13;TFAM;ATP6V0B;TBRG1;HERPUD1;CCDC86;JAGN1;APOD;NR2C2AP;FTL;NOL7;NIFK;EMC6;ZFAS1;IL6R;CEBPZ;PIM3;MRPL47;CCDC137;ZNF79;CEP85L;FBXL15;MRFAP1;MIR22HG;MRPS18B;EXOSC4;CEBPG;EIF6;ARF4;TSSC4;SLC7A6OS;MAK16;PNO1;DPH2;PHF5A;NPTX2;TRIAP1;PSMD12;ZNF503;SF3B2;GAR1;PERM1;TAF7;NTMT1;ZNF770;SCO2;SNHG12;BIRC3;RPS19BP1;DDX21;TIMM17A;CSRP3;DNAJC25;EIF1;ZNF468;DDIT3;SNHG8;MRPS30;CNBP;GPX1;GLO1;SEPHS2;FAM200A;CCDC59;PSMA7;SF3B6;RNPS1;GPN3;CREB3;TPGS1;SERTAD1;EPB41L4A-AS1;SPSB3;EIF3D;BNIP1;RNF114;ZNHIT2;GCC1
7,gs_ind_0,upregulated_genes,79/3539,3.0461035845836664e-10,9.138310753750999e-10,5.016506285218899,109.92162386462276,BIRC7;BTRC;KAZN;ADCY2;CACNA1A;TTC29;ARFGEF3;IL1RAPL2;SKAP1;FOXN4;COL13A1;PRKG2;FCHSD2;BCL11B;PRKCB;ARID1B;LPAR1;COLQ;NLGN4Y;TRABD2B;ANK2;ADAMTSL1;NAV2;BTBD9;AMH;CDC14A;MEGF10;MAGI1;PBX3;DSCAML1;ERC2;ZDHHC19;EXT1;DGKI;CPED1;SRGAP1;ERG;C5AR1;CPNE8;KMT2C;SLC12A8;FBRS;FNDC3B;DAW1;VWDE;SCMH1;TMEM72;ALCAM;EPHA4;RFX7;EYS;PTPRM;TG;RUNX1;STXBP5;SHROOM3;CYP2C9;PIGN;TNRC6A;COG5;FTO;RGL1;FMNL1;MLLT3;LDLRAD4;SELPLG;PPP2R2B;ZCCHC7;CTNNA2;SPTB;MID1;ATXN1;DPY19L2;ADAMTS12;KLRD1;PLXNA2;RERE;SDK2;RASAL2
8,gs_ind_0,upregulated_genes,67/3539,1.0400194656655339e-10,3.120058396996602e-10,7.087257019438445,162.91202370631112,ARHGAP24;PTPRT;DPYS;EFCAB8;ZNF385D;CD200R1;DOK5;ULK4;LINC01498;CACNB4;CPNE8;DENND5B;SLC12A8;MUC13;ADGRG5;PRMT8;KHDRBS2;RXFP1;PHEX;IGSF11;STAB2;CAMK2D;TENM4;NELL2;SYCP2;MGLL;GRIA3;TM4SF1-AS1;SEZ6L;SELPLG;KIAA1328;TXK;EFCAB13;SETBP1;DSCAML1;ESYT3;COLEC10;ERC2;FAT3;MYO3B;NKAIN3;MEI1;EPB41L3;SLC45A2;RHOH;ZBBX;GLIPR1L2;P2RY14;BMPR1B;DNAH12;LINC01127;EML6;S100Z;ARHGAP44;TGFBRAP1;ATP2B2;MAPK10;GPR39;NOX4;CNOT6L;MSANTD1;MYRFL;ADAMTS20;CD163L1;LINC00640;ANO4;SPANXA2-OT1
9,gs_ind_0,downregulated_genes,81/2741,1.2945194926648518e-14,3.8835584779945554e-14,5.530496002775649,176.8544872347843,DUSP13;COPB2;G6PC3;ARL1;DDT;TMBIM6;SRPRA;TUBA4A;YIF1A;SHISA4;PSMB6;VKORC1;CYB561D2;S100A11;IFI27;GPX3;HLA-C;GPT;GAPDH;MYDGF;CTSD;LINC00482;YIPF2;JOSD2;ARF4;PLA2G4F;GSTP1;PRDX5;TMEM208;APOL2;PRDX4;TMEM14B;JTB;RHOA;ACTB;SPNS1;MYL6;HCFC1R1;PSAP;IGFBP6;FITM1;TUBB2A;PRDX1;DNAJC15;DAD1;SERF2;EMP3;ENO1;MLPH;S100A10;RNASEK;GJA4;CLIC3;HTRA3;CD74;SH3BGRL3;SEC22B;APRT;CHMP2A;ALDOA;NDUFAF3;KCNK15-AS1;LAGE3;CREB3;TMSB10;CNPY2;SSR4;EDF1;AKR1A1;SELENBP1;BLVRB;VAMP5;SERPING1;RABAC1;AURKAIP1;S100A4;CD63;P4HB;PPA1;SEC13;KDELR2
10,gs_ind_0,upregulated_genes,55/3539,0.00015956820441627743,0.0004787046132488323,2.630963096309631,23.002613256539234,TRABD2B;SHC4;BICC1;CHRM3;RNF217-AS1;ADCY2;JADE2;KIF1A;FNDC3B;NEDD9;SYT6;ZPLD1;MYOZ1;AHCYL1;NUAK1;ITGA4;PAX3;DNAH8;ALDH1A2;ZSWIM6;P3H2;CPEB4;AMPD3;TSSK6;SPTBN1;FAT1;ACE2;SMG1;MACF1;ATRNL1;EPHA4;ADGRG6;HERC4;MID1;SHISA9;NEB;RERGL;WDPCP;DDX60;DDAH1;DYNC1H1;CPEB1;SLC6A6;XPR1;USP53;ANK3;SLK;UBR5;LRRC72;ATP2B2;PCGF5;MYO5A;SULT1A3;IQSEC3;LINC01258
11,gs_ind_0,downregulated_genes,62/2741,0.0018901216257567015,0.0056703648772701044,1.7914302528969444,11.234263517622901,LMAN1;ART5;ITM2B;MYDGF;HSPA5;B2M;LAMP1;NDUFA13;GLMP;G6PC3;TMEM147;C1GALT1C1;RPN1;SLIT3;LPAR5;MCFD2;S100A1;PPIB;TMED9;YIPF3;SERF2;CNPY2;SSR4;TMED4;LRPAP1;YIF1A;SPCS1;VKORC1;GRN;RABAC1;TMEM59;S100A11;ASIC2;CD63;S100A9;OSTC;TMEM258;HEXA;IFI27;CTSL;CDC42EP2;RNASEK;PDIA3;FUCA2;TMEM101;TMED1;EMC7;IL13RA1;CD59;CALR;UBL5;SSR2;LRRC2-AS1;CD74;SC5D;TMED10;CHPF;SYNGR1;ITM2C;ATP6AP1;NEU1;DDOST
14,gs_ind_0,downregulated_genes,25/2741,0.01242487426678239,0.03727462280034717,2.134500632336439,9.366305801729624,FAM200A;HSP90AB1;KMT2E-AS1;CEP85L;ZNF852;ASH1L-AS1;SNHG19;ART1;M6PR;TMBIM6;BSG;CCDC71;SNRPA;NFYC-AS1;ZNF674-AS1;IP6K3;S100A9;RNASEK;ZNF425;SYP;THUMPD3-AS1;SCML1;ART5;ATP6AP1;CNBD2
15,gs_ind_0,downregulated_genes,76/2741,3.0138832126614325e-13,9.041649637984298e-13,5.181464005887191,149.38355996462857,LMAN1;HSD3B7;ELP5;ICAM2;YIPF5;ATP6V0B;CAMLG;SPARCL1;MSMO1;CST3;PRELID1;PRDX1;MVD;YIPF2;DAD1;FARSA;APOE;SERF2;RASSF1;CBR3;LRRC73;CREB3;LINC00921;HMGCS1;PTRH2;CNPY2;SSR4;CFD;EDF1;RGS9BP;SEC61B;TMEM198;SAR1B;SRPRA;GMPPB;CSNK2B;YIF1A;PRDX5;TMEM208;FTL;DDIT3;RABAC1;SPSB3;CYB561D2;IP6K3;MTHFD2;NOL7;TMEM52;FIS1;DERL1;AURKAIP1;MLF2;ALG3;PCYT2;SCAMP3;SYP;MRPL55;TCTA;SLC1A5;ZNF841;PCK2;EHD2;PSMD13;SCD;AIF1;GPT;CUTA;MON1B;FLJ20021;NAPA;RNF187;SEC13;STC2;SEPHS2;ARFIP2;NEU1
16,gs_ind_0,upregulated_genes,54/3539,0.003676513554662432,0.011029540663987297,1.9785256527874617,11.091200069982207,ATP1A4;GRM3;SEL1L2;PIEZO2;MIR4300HG;CRK;LINC00871;CACNB4;ICA1L;ACADL;SERTAD2;MUC13;LINC00609;RXFP1;FMNL1;STAB2;SPTAN1;SHC3;GPR158;AOAH;MOBP;TPST1;SPNS2;HORMAD2;BTLA;UNC13A;SEZ6L;UNC13C;SELPLG;NEURL1B;SPTBN1;PLPP4;CTNNA2;LINC00922;CELF4;HTR7;ADAM33;M1AP;RHOH;DMBT1;MAP2;TACR3;SLC43A2;RAB31;LINC00536;NRXN2;ATP8B4;HMCN2;COL6A6;FSTL4;HCRTR2;FMNL3;SLC35G1;PBX4
18,gs_ind_0,upregulated_genes,49/3539,1.3257138009480075e-07,3.977141402844023e-07,5.9681663416085415,94.5127452952437,CNTNAP5;P2RY12;HAVCR1;BDNF;SPNS3;XAF1;ARL13A;SLC16A9;SRD5A2;IMPG1;ADGRG5;DPP10;ADGRB1;RXFP1;GLRA2;DAW1;EGR2;HECW1;LINC00968;PLCD4;CCDC26;PDZRN4;SPAM1;AGBL1;CLC;TRAPPC3L;UNC13C;DCC;LRRC4C;LINC00498;SLC14A2;TRPC6;CYP4A22-AS1;LINC01358;M1AP;ISL2;NKAIN1;EML6;BANK1;MIR3681HG;L1TD1;FSTL4;AFAP1L2;CDH18;RIMS1;RIMS2;SLC39A12;SLC5A11;LINC01258
19,gs_ind_0,downregulated_genes,104/2741,1.2903853899467582e-18,3.871156169840275e-18,5.685188122642422,234.18194247464146,DUSP13;ASAH1;ZNF511;ATP6V0B;MRPS15;TRMT6;FARSA;CCT5;MRPL49;TMED9;CCDC86;PFN1;COX7A2;BBIP1;PLEKHJ1;LINC00649;PSMB6;MRPL54;URM1;FTL;ANAPC13;S100A11;NOL7;MRPL21;EMC6;EMC7;ZFAS1;RBM42;GAPDH;MRPL47;RNF7;MYDGF;SURF2;MRFAP1;MIR22HG;MRPS18B;PDCD5;SAP18;SNAPC2;GSTP1;UQCRH;SPCS1;EPHX1;HINT1;CENPV;FTH1;LRRC59;TRIAP1;MPDU1;GADD45GIP1;CLIC1;SF3B2;ADRM1;STRAP;TMEM14C;NTMT1;PRDX1;EMG1;PSMD6;STOML2;BNIP3;DYNLL1;ENO1;RPS19BP1;NDUFB10;EIF2S1;CSRP3;COPS6;EIF1;DDIT3;TMEM59;PITHD1;RPL8;RNASEK;CNBP;GPX1;LDHA;COPS5;NFKBIB;MRPL27;ALDOA;SOD1;NDUFA6;BORCS7;TIMM21;RRM2B;PFDN6;EDF1;SEC61B;RPS27A;EIF1B;CSNK2B;VAMP5;CYCS;MLF2;CD63;EIF3D;SLC25A4;COX17;PSMA3;RNF114;FAM136A;COX6A1;CCT7
20,gs_ind_0,upregulated_genes,54/3539,9.276343432181675e-12,2.7829030296545027e-11,17.134155788265673,435.2684462170422,PTPRT;CLRN1-AS1;LINC00871;ARL13A;SRD5A2;SLC12A8;TRPM2;ADGRG5;LINC00609;PHEX;LINC00390;SLC8A3;ZNF831;CLDN4;ZPLD1;GRM5;KLHL29;GPR158;RTN1;ST18;TM4SF1-AS1;LINC00877;UNC13A;DCC;LINC01500;SHANK2;CHODL;TRPC6;RBFOX3;CTNNA2;CYP4A22-AS1;NPPA;MEF2C-AS1;LINC01358;CFAP47;OR9Q1;PRKG2;AFF2;SLC6A6;RGSL1;DGKI;ADGB;SHROOM4;GRIA2;EML6;SCUBE1;S100Z;NRCAM;KIF5A;NLRP14;HS3ST4;DLGAP1;CNTNAP2;LINC00376
21,gs_ind_0,upregulated_genes,48/3539,6.841280316805274e-06,2.0523840950415823e-05,3.995455127866925,47.5160925981794,SNX31;SARM1;DOK5;MSH4;LINC00871;DNM3;APTX;NPHP3-AS1;NTRK2;LINC00390;RXFP1;LINC00504;CLDN4;DRAIC;SHC3;CNR2;GPR158;EPG5;SPAM1;MOBP;SERPINC1;SLC6A17;SLC39A12;USP6;SNAP25-AS1;C5;CERS3;MPP4;NEB;LAT2;ALOX12-AS1;DNAJC9;IFI44;OR9Q1;ARHGDIG;MKLN1;DNAH12;NEK5;GSG1L;ATP8B4;PTH2R;NUP210L;BAALC;RIMS2;PALD1;MYO15A;GSTO2;RCVRN
22,gs_ind_0,upregulated_genes,59/3539,3.981835935802889e-11,1.1945507807408667e-10,10.399607336110712,249.0362044021935,EFCAB8;RNF217-AS1;HIVEP1;CSMD2;SAMD12-AS1;XAF1;ATP10A;ROBO1;PLEKHD1;FTO;MIR99AHG;DLC1;DPP10;LINC00504;DAW1;LINC01266;STAB2;MAGI3;ZNF804B;MLLT3;TRPC5;ADCY8;MOBP;LINC01098;DOCK4;LINC01010;PTPRN2;LGR4;PPP2R2B;CLSTN2;HPX;SCGB3A2;KALRN;MAGI1;SETBP1;NXPH2;MTHFD1L;TEX29;PROM1;MDGA2;RERGL;MEF2C-AS1;CD247;CNBD1;PRC1-AS1;GLIPR1L2;GABRB1;ANK3;TMCC3;SCUBE1;ROBO2;GPR39;CFAP221;SHROOM3;MYRFL;GRM5;NLGN4Y;CD163L1;LINC01122
25,gs_ind_0,upregulated_genes,53/3539,2.6785471833888964e-07,8.03564155016669e-07,4.9347398790291965,74.6765357603034,TPTE2;NRG1;PAX5;CACNB4;C9;SRGAP2B;TRPM2;ADGRB1;TGM7;DRAIC;ADAM18;RTN1;HORMAD2;CDC14A;UNC13A;PLCZ1;TNIP3;DCC;LINC01500;USP6;ALCAM;CTNNAL1;SHANK2;ADGRV1;ANO2;GLDN;KSR2;LRP1B;RBFOX3;CELF4;SLC14A2;PROM1;NRK;MYO3B;CUBN;EYS;BEGAIN;MAP7;DMBT1;CASC20;CHD5;NKAIN1;EFCAB3;FHDC1;ATP8B4;PLPPR5;RUNX1;TEKT5;DIO2-AS1;LINC00578;CNTN4;PCDH15;CA8
26,gs_ind_0,downregulated_genes,126/2741,4.3108450353504905e-32,1.2932535106051473e-31,12.634146859533974,912.4581621963462,CITED2;DUSP13;HSD3B7;ATP6V0B;NIP7;PFN1;SAT1;PLEKHF1;PSMD3;KLF10;EIF2B4;RTCB;PSMB6;PDCD2;FTL;S100A11;NOL7;EMC6;GLRX2;THUMPD3-AS1;ZFAS1;DCTN2;RBM42;IL6R;SNRPA1;PIM3;LMAN1;RNF7;COPS3;CCT7;SURF2;DGUOK;MRFAP1;MIR22HG;PEA15;EIF2A;TAGLN2;MRPS18B;CEBPG;BRAP;EIF6;SAP18;TSSC4;MYL12B;GSTP1;MED10;EIF5A;SCAMP3;CENPV;SAC3D1;DNAJC9-AS1;UBC;BTF3;RPL27;DPH2;NPTX2;TRIAP1;PSMD12;CLCF1;ADRM1;STRAP;P2RY1;TMEM14C;RAE1;NTMT1;TRMT10A;PSMD6;ADRB1;SNHG12;ENO1;ATP6V1G1;EIF2S1;CSRP3;EIF2B2;EIF1;YDJC;DDIT3;SNHG8;PITHD1;MRPS18C;RPL8;MRPS30;RNASEK;CNBP;GPX1;SLC1A5;SRSF8;GLO1;YBX1;HSP90AB1;ALDOA;FABP5;DDX24;PSMA7;XBP1;SHISA3;BAIAP2L1;THAP1;RNPS1;RNF181;TIMM21;CHORDC1;SNHG15;GPN3;PFDN6;EDF1;RPS27A;GNB2;CSNK2B;MITD1;ZNF576;PRR13;MLF2;CD63;ALG5;EIF3D;EIF3I;TRIM47;BNIP1;VIM;RNF114;FAM136A;CEP85L;DCUN1D5;SLC39A1;CCNG1
27,gs_ind_0,downregulated_genes,62/2741,0.016291015529247707,0.04887304658774312,1.5200649444641123,6.258322492389162,TOR4A;ANGPTL2;PGLS;MCTP2;ITM2B;MYDGF;ZNF843;B2M;TMX4;TMEM37;TAGLN2;QSOX1;PLTP;PPIB;TMED9;PFN1;IFITM2;PYCARD;SAT1;IGSF8;TMSB10;SSR4;CD248;MYL12B;ITGA11;GSTP1;IFITM3;VKORC1;CFL1;RPL12;S100A10;FKBP7;DCN;S100A11;MTHFD2;RCN2;LGALS3BP;TWF2;CD63;OSTC;ARL4D;TMEM14A;IFI27;TPM2;ETS1;PDIA3;VIM;IL13RA1;CALR;PPFIBP1;EHD2;CYBA;HLA-C;TUBB;VASN;ACTB;SH3BGRL3;CD99;MYL6;PPP1R14A;ITM2C;CHPF
29,gs_ind_0,upregulated_genes,71/3539,8.914830078891903e-15,2.674449023667571e-14,16.129059494635392,521.7921747434399,UNC5C;CPA6;CEACAM1;GRM7;CCDC62;ZNF19;CACNA1A;MAMDC2-AS1;COL8A1;COL21A1;SRD5A2;CLEC17A;SLC37A1;TRPM2;PLEKHD1;RXFP2;CYSLTR1;DLEU7;DENND6A-AS1;ZNF536;ADGRB1;FAM234B;TMEM132E;DLGAP1-AS2;DAW1;VWDE;LYPD8;FAM182B;SLC30A8;HECW1;FCRL5;CCDC26;GPR158;NELL2;TFEC;SPAM1;TIMD4;PDZRN4;PTPRN2;SNTB1;DNAH5;PLCZ1;PKP1;SHANK2;ANO2;LINC01581;LRRC4C;LRP1B;PLGLB2;LINC00922;CELF4;NPAS3;ST6GAL2;ATF7IP2;RORA;SLC12A1;WNT2B;CNTNAP2;GSG1L;KIF6;NSMCE2;L1TD1;SHCBP1;CCR3;PTH2R;NUP210L;AFAP1L2;IL2RB;HHAT;RASGRF2;GPC3
30,gs_ind_0,downregulated_genes,49/2741,0.00046929901426696457,0.0014078970428008939,2.1877437325905293,16.767459610360035,HSP90AB1;DUSP13;BRF2;GAPDH;ASAH1;PSMA7;CTSD;PSMB2;CD276;SOD1;TAF7;CD55;PRDX1;MAP1A;ZNF774;ABHD4;PSMB3;ADM;PSMD8;DUSP1;PSMC2;TUBA4A;CSRP3;BLVRB;PSMB6;PSMB1;FTL;DDIT3;LRRC8E;PSMB5;PSMC3;GPX3;LOXL1;VIM;UBC;DNTTIP2;TTC1;SLC1A5;PSMA3;PSMD13;KIAA1143;MPDU1;ACTB;PSMD12;IL6R;CLIC1;CRYAB;PIGH;NEU1
31,gs_ind_0,upregulated_genes,77/3539,3.663574783611704e-12,1.0990724350835112e-11,7.198003822467615,189.54202393616896,ADCY10;USP33;RNF217-AS1;POLN;TTC29;PRMT8;LINC00609;FAM193A;ZSWIM6;ALDH8A1;TTC7B;PYY;SYTL2;DAZL;KDM2A;ERICH3;CCR3;TTC4;CRB1;PACS1;LINC01588;OBSCN;ATP1A4;PPP6R3;CD3G;STK38L;SLC16A9;BTBD9;MIR34AHG;ATP8A2;C6;C2CD3;MYBPHL;FRRS1L;CACNA1S;CADM1;AMY2B;MYRFL;HRH4;TNNI3K;PLEKHD1;ZCWPW2;SPAM1;RNF38;TBCEL;SOX6;AZIN2;B3GALNT2;SRGAP2-AS1;CD247;CHRNE;ANO1;BMPR1B;COL6A6;RCVRN;MARK1;SNX31;TINCR;SLFNL1;RGL1;DRAIC;SHC3;CCDC168;SLC6A17;N4BP2L1;ARL13B;PCSK7;CHODL;TMEM135;ESYT3;STK33;DNAJC9;GALNT14;USP53;KLRD1;PRDM6;FNBP1
32,gs_ind_0,downregulated_genes,67/2741,5.090936462945496e-06,1.5272809388836487e-05,2.4914884709265124,30.36638297708116,MIER1;DUSP13;DAZAP2;MORF4L2-AS1;GMFB;CHMP2B;HSPA5;LAMTOR3;ZNF84;CTSD;ATP6V0B;ZBTB39;LAMP1;PSMA7;DHX37;EIF1AD;LINC00482;TSC22D1;SDC4;TMEM38B;RNPS1;CCT6A;PIDD1;DDIT4;DDX39A;BRAP;ARF4;ATP6V1G1;ADM;ZNF595;M6PR;SNX2;LRPAP1;PAK1IP1;DNAJC25;STC2;ZNF468;FAM53B-AS1;FTL;ZNF195;DDIT3;SNHG8;MT1E;NOCT;IP6K3;S100A11;NINJ1;TSKU;HEXA;GPX3;CWC25;MCOLN1;VIM;UBC;DNTTIP2;FTH1;GPX1;ZNF425;TRIAP1;ACTB;PLIN2;SF3B2;PTMA;ATP6AP1;SEPHS2;CEP85L;NEU1
34,gs_ind_0,downregulated_genes,87/2741,1.9388939325997323e-12,5.816681797799197e-12,4.061375420091007,109.53084155134057,MMADHC;LAMTOR3;PSMB2;MAX;CD55;EIF4A3;PRELID1;HERPUD1;SAT1;APOD;PSMC2;PSMB6;URM1;FTL;ZNF222;LRRC8E;SHC1;PSMB5;STEAP1;GPX3;ZFAS1;NEU1;ZBTB43;MYDGF;MED31;CTSD;SMPD2;MSMO1;SAP18;ARF4;PSMB3;ELOVL1;GSTP1;MED10;GPATCH3;MAP1LC3B;TMEM208;ZFAND2A;ALG3;ZNF593;PNO1;UBC;DNTTIP2;DPH2;PSMD12;CRYAB;ADRM1;RABGGTB;GAR1;SRSF2;TRMT112;RAE1;DDX39A;FBXO6;ATP6V1G1;PTRH2;PSMD8;GNL2;DDA1;DNAJB9;EIF1;KLHL21;DDIT3;SNHG8;PITHD1;PSMC3;SLC1A5;PSMD13;ARFIP2;HSP90AB1;HSPA5;PSMA7;SOD1;MVD;SNHG19;PFDN6;HMGCS1;ARMCX1;BLVRB;PSMB1;UBB;TIMP4;PSMD7;TTC1;PSMA3;TAF13;EIF3I
35,gs_ind_0,upregulated_genes,53/3539,1.598716733250883e-11,4.796150199752649e-11,16.81494335293274,418.00662423981856,GRM3;SEL1L2;NELL1;CPA6;FLJ40288;IGFN1;PCSK2;ELAVL4;XAF1;PTCSC3;AK5;ATP10A;CCDC178;PLEKHD1;CCDC88C;ARHGAP15;DPP10;LINC00609;GABRG3;LINC01266;CCDC26;AGBL1;HORMAD2;PTPRN2;FLG-AS1;UNC13C;HSD17B6;PLCZ1;ADTRP;LINC01524;LINC00519;DAZL;CA10;CFAP47;TACR3;TP63;LINC00607;TMPRSS15;PIK3C2G;BANK1;LINC01594;MIR3681HG;CYP19A1;LINC00290;TRPM1;CASC15;TG;FSTL4;SHISA6;ESR1;ANXA10;LINC00639;HRH4
37,gs_ind_0,upregulated_genes,77/3539,3.4196899350486537e-16,1.0259069805145961e-15,17.512841670964416,623.6640182231735,MIR4300HG;ARL13A;SLC35F4;RXFP2;PRMT8;MAGI2;DAPL1;TM4SF1-AS1;LINC00877;ARNT2;LINC01581;LINC00922;DAZL;SHISA9;PRKG2;ST6GALNAC2;PTPN7;GLIS1;ARID1B;GRM5;DLGAP1;LINC01478;ZNF385D;BDNF;ATP8A2;CCDC60;SLC30A8;GABBR2;SHANK2;MTERF1;ADTRP;NEB;MDGA2;NCOA1;DNAH12;BANK1;MYO3A;ESR1;ANKRD18B;CRYGS;BCL2;NEBL;KCNS3;NUP88;FSTL5;SPRED2;SRD5A2;ZNF536;LMCD1-AS1;TNR;SPTBN4;DOK6;TFEC;UPP2;NPAS3;CD247;DCLK2;NEK11;TENM3;IQSEC3;BACH2;COG5;TBCK;GNLY;TEX41;TAPT1;TIMD4;ADGRG5;SLC6A17;DPH6;ENOX1;SLC12A1;SNTG1;CASC15;BMP2K;LINC00501;RIMS2
38,gs_ind_0,upregulated_genes,57/3539,4.4614287234018475e-08,1.3384286170205544e-07,5.309784215193615,89.86922185788849,NRG1;NELL1;TRPV4;MAPT-AS1;EPHA6;FLRT2;LINC00499;ACOXL;TMEM108;DLEU7;DPP10;ATP8A2;CCDC60;ZC3H12B;CYP2J2;PWRN1;LINC00670;GRXCR1;NELL2;ABCA12;ARHGAP42;AGBL1;DOCK4;SLC6A17;GALNT3;LINC00571;EPHA1-AS1;ALCAM;SHANK2;CTNNA2;ADGRG6;CD96;KCND2;GNG12-AS1;DDAH1;ARHGDIG;VEGFC;NWD2;CNBD1;AFF2;GABRB1;ITGB8;CACNA1S;FRMD6;NEK5;PTPRR;SGCZ;MYO3A;MIR3681HG;HMCN2;STAT4;PLPPR5;ANKRD31;ESR1;CASC2;BCL2;DLGAP1
39,gs_ind_0,downregulated_genes,59/2741,0.006152831562858449,0.01845849468857535,1.6664221507380572,8.483493351820924,GCA;PCSK6;ZNF260;SNAI3;RPL18;MAGEE1;TMEM37;RARRES1;FANCF;TNK1;PRKCD;ZNF830;RPS9;IFITM2;PYCARD;ZNHIT1;TMSB10;LMO1;HELZ2;LSM2;EIF5AL1;EEF2;NR2C2AP;ASB16-AS1;MARCKSL1;YIF1A;POP5;IFITM3;VKORC1;S100A10;RASD1;URM1;CDC40;SARAF;PAK1IP1;LAD1;SERPING1;DCN;S100A11;NONO;ARL4D;ZNF526;RASSF7;RPL7A;SSR2;CORO1B;ENDOV;RCC1;VASN;COL6A2;ACTB;ZNF503;ITM2C;PTMA;CLCF1;PLPP3;RPL3;RAB34;EHD2
40,gs_ind_0,upregulated_genes,76/3539,3.5219994721307916e-09,1.0565998416392375e-08,4.464125884221164,86.89080410452479,PHF21B;ADAMTS9-AS2;NRG1;ERG;LINC00540;TNRC6A;BICC1;FLRT2;RBM26;CACNA1A;ADAMTSL1;NRXN3;SNX14;RAD51B;ATP10A;SPRED2;STK38;RAVER2;HSPA4L;SLC38A6;VGLL2;DAW1;GXYLT1;TTC6;CCDC26;SRCIN1;RGS7;ITGA4;UST;OSGIN2;HELB;DOCK4;HORMAD2;CDC14A;UNC13C;DCC;MEGF10;EBF4;LYST;LINC01500;HMGN1;MCTP1;GLCCI1;ARID4A;LRP1B;UBXN7;AGMO;ADGRG6;RBMS1;DENND2A;LINC01191;PROM1;EPHA4;FOXJ3;NPFFR2;MEI1;COL13A1;RFX7;EYS;HGD;GNG12-AS1;P2RY14;NRXN2;CNTNAP2;PAXBP1;CCDC144NL;KIF6;UNC5D;CDH18;PPP4R1;CYP2C9;BNIPL;SRGAP1;NLGN4Y;ACAP2;SNHG22
41,gs_ind_0,upregulated_genes,84/3539,1.188616842808395e-13,3.565850528425185e-13,7.864044532586584,234.04038152266952,PCSK5;SYT16;LINC00609;FAM110B;HIPK2;DOCK4;TXK;GLCCI1;KLF12;FREM1;DENND2A;NPSR1;LINC00534;ADAMTSL1;RAD51B;AKAP6;SLC30A8;ADAM18;MYH15;HDAC9;PBX3;KCNH5;PAG1;MDGA2;TAF1;EXT1;DGKI;CPQ;CPED1;SPATA6L;PTN;MORC4;RGS22;DPY19L1;LINC00539;LINC00390;NLRP7;DGKH;SYCP2;GRIA3;LINC01482;TNFSF13B;CDK14;NPFFR2;TMEM71;BMPR1B;FHDC1;TG;LINC01393;WDFY3;LINC00639;FRMPD4;SNX31;COG5;KCNK9;PHEX;RELN;FRY;LINC01301;SLC15A1;HYAL4;PTPRN2;N4BP2L1;ADGRA2;BRCA2;LINC01500;KLHL13;COLEC10;DIAPH3;MID1;NRK;CASC20;ENOX1;NEK5;ARHGAP6;ZAR1L;CALN1;CREB5;ARHGAP44;NTSR1;BAALC;EXTL3-AS1;GNRH1;RIMS2
43,gs_ind_0,downregulated_genes,43/2741,1.878456424060514e-05,5.635369272181542e-05,3.068476480927843,33.39261882623837,ZNF79;KMT2E-AS1;MAGOHB;USB1;MED29;PRRG2;HINFP;TRMT10A;SDC4;PSMD6;HERPUD1;ANKRD39;MMP11;LINC00921;TRMU;KDM8;ZNF837;DUSP1;ZNF778;TMEM143;PTGES2-AS1;SLC52A2;ZNF703;ADPRM;KLHL21;ZFAND2A;FTL;BAIAP2;SPA17;ERCC1;PAN3-AS1;ZNF841;PCK2;FGF7;VASN;CDC37;RBM42;CSDC2;IL6R;PLIN2;ZNF7;NEU1;ZNF165
44,gs_ind_0,upregulated_genes,96/3539,7.339609555364806e-15,2.2018828666094417e-14,7.2901947769088755,237.26296666148286,GALNT18;SPNS3;DENND5B;CCSER1;TENM4;ADCY8;ABCA12;LRP1B;SKAP1;TENM1;DIP2B;PTPN7;LIPE-AS1;ERCC6L2;PXN;PRKD2;NOL4;BDNF-AS;ADAMTS18;BNIPL;PTH2R;ADAMTS10;PDE6A;MCC;GALNT7;IGF2BP3;ZNF385D;EPHA6;ATG7;SLC16A9;TDRD12;GATAD2A;PRKCA;CRADD;DOCK10;DNAH6;NRG3;TWIST1;NCOA1;FAM135B;FAM227B;STXBP5L;OCLN;ANKRD18B;PIWIL4;GRIA4;RABGAP1L;STAC;ZCWPW2;FNDC3B;NTRK2;SAMD12;CPEB3;ENTPD1-AS1;MGLL;NCAM2;TBCEL;SOX6;AZIN2;LRRN2;AHRR;ALOX12-AS1;VAV3;CHRNE;PTPRM;LINC01344;PIEZO1;OSBPL6;FTX;SH3BP5-AS1;WDFY3;DANT2;NAV1;SNHG22;THSD7A;TINCR;MED14;RGL1;LINC00504;BACE2;LIPA;GLT8D2;GRM1;NCOA2;MCTP1;CA10;GNG12-AS1;RECQL4;TRIM9;PDE1C;ATP2B2;MSS51;AGAP4;EXOC6B;GSE1;ANKDD1B
46,gs_ind_0,upregulated_genes,98/3539,2.766121755202641e-15,8.298365265607925e-15,7.4456113405699345,249.58679587208934,SLC25A25-AS1;GRM7;KAZN;ADCY2;NRXN3;AK5;LINC00927;MIER3;MTG2;CCSER1;MAGI2;RGS9;CCDC26;PCDH19;ABCA12;SLCO1A2;EBF4;MED13L;MEF2C-AS1;TMEM232;TMPRSS15;UBR5;RNF215;GLIS1;ATP13A4;MCF2L2;MIR3681HG;CTTNBP2NL;BRINP1;SETD5;CNNM2;NELL1;LINC00540;ZNF385D;EPHA6;PPIP5K1;GOLGA8N;MDFIC;GABBR2;ST18;ZSWIM8;AKT3;TIAM1;FRRS1L;SLC35F2;LINC00882;COL22A1;BTAF1;RORA;CADM1;LPP;C1QTNF7;ADGRL3;LINC00578;SYNGAP1;FRYL;STAC;FOXO3;DENND6A-AS1;PAPPA;UPP2;MAML3;SETBP1;ZBED3-AS1;EIF4ENIF1;UGGT2;HPSE2;FTX;CRIM1;HS2ST1;MYCBP2;PLPPR5;RUNX1;RASGRF2;ADAMTS9-AS2;SMOC2;SORL1;CACNB4;BNC2;ZNF19;DPP10;PHEX;FAM117B;DRAIC;MLLT3;ARL13B;BCAS3;SCML4;IGSF1;CCDC158;NYAP2;PLA2G6;CASC15;ABCB10;EXOC6B;LEPR;LHFPL2;LINC00501
